timestamp_utc,repo,pkgname,event,from_version,to_version
2026-08-11T06:33:56Z,custom,imhex,seeded,,1.38.1-1
2026-08-11T06:33:56Z,custom,ipscan,seeded,,3.9.3-1
2026-08-11T06:33:56Z,custom,kwin-scripts-xeros-tiling-window-manager-git,seeded,,1.1-1
2026-08-11T06:33:56Z,custom,libfprint-elanmoc2-slg3-git,seeded,,1.94.0+0da15123-1
2026-08-11T06:33:56Z,custom,libfprint-elanmoc2-slg3-git-debug,seeded,,1.94.0+0da15123-1
2026-08-11T06:33:56Z,custom,ttf-nanum,seeded,,2018-1
2026-08-11T06:33:56Z,ghidra,ghidra-noprompt,seeded,,12.1.2-1
2026-08-11T06:33:56Z,orca,orca-slicer-git,seeded,,2.5.0.r30091.c806a09-1
2026-08-11T06:33:56Z,orca,orca-slicer-git-extras,seeded,,2.5.0.r30091.c806a09-1
2026-08-13T06:13:37Z,orca,orca-slicer-git,updated,2.5.0.r30091.c806a09-1,2.5.0.r30098.d322b1a-1
2026-08-13T06:13:37Z,orca,orca-slicer-git-extras,updated,2.5.0.r30091.c806a09-1,2.5.0.r30098.d322b1a-1
2026-08-14T05:53:21Z,orca,orca-slicer-git,updated,2.5.0.r30098.d322b1a-1,2.5.0.r30104.d5dbd96-1
2026-08-14T05:53:21Z,orca,orca-slicer-git-extras,updated,2.5.0.r30098.d322b1a-1,2.5.0.r30104.d5dbd96-1
2026-08-16T00:57:44Z,custom,imhex,updated,1.38.1-1,1.38.1-2
2026-08-17T05:41:16Z,orca,orca-slicer-git,updated,2.5.0.r30104.d5dbd96-1,2.5.0.r30106.f529692-1
2026-08-17T05:41:16Z,orca,orca-slicer-git-extras,updated,2.5.0.r30104.d5dbd96-1,2.5.0.r30106.f529692-1
2026-08-18T06:10:25Z,orca,orca-slicer-git,updated,2.5.0.r30106.f529692-1,2.5.0.r30109.ba22a87-1
2026-08-18T06:10:25Z,orca,orca-slicer-git-extras,updated,2.5.0.r30106.f529692-1,2.5.0.r30109.ba22a87-1
2026-08-19T05:21:53Z,orca,orca-slicer-git,updated,2.5.0.r30109.ba22a87-1,2.5.0.r30112.4fd7fdb-1
2026-08-19T05:21:53Z,orca,orca-slicer-git-extras,updated,2.5.0.r30109.ba22a87-1,2.5.0.r30112.4fd7fdb-1
2026-08-19T08:55:56Z,ghidra,ghidra-noprompt,updated,12.1.2-1,12.1.3-1
2026-08-20T01:27:33Z,custom,accounts-qml-module,added,,0.7-8
2026-08-20T01:27:33Z,custom,build2,added,,0.18.1-1
2026-08-20T01:27:33Z,custom,libcutl,added,,1.11.0-4
2026-08-20T01:27:33Z,custom,libkolabxml,added,,1.3.1-10
2026-08-20T01:27:33Z,custom,libpthread-stubs,added,,0.5-1
2026-08-20T01:27:33Z,custom,libxsd,added,,4.2.0-2
2026-08-20T01:27:33Z,custom,libxsd-frontend,added,,2.1.0-3
2026-08-20T01:27:33Z,custom,litehtml0.9,added,,0.9-4
2026-08-20T01:27:33Z,custom,python-async-timeout,added,,5.0.1-2
2026-08-20T01:27:33Z,custom,python-ffmpy,added,,1.0.0-1
2026-08-20T01:27:33Z,custom,python-music-tag,added,,0.4.3-1
2026-08-20T01:27:33Z,custom,python-pdm-pep517,added,,1:1.1.4-5
2026-08-20T01:27:33Z,custom,python-pwinput,added,,1.0.3-1
2026-08-20T01:27:33Z,custom,python-pytest-http-snapshot,added,,0.1.9-1
2026-08-20T01:27:33Z,custom,xsd,added,,4.2.0-2
2026-08-20T03:05:28Z,custom,python-librespot,added,,0.0.10-1
2026-08-20T03:05:28Z,custom,python-pyogg,added,,0.6.14a1-1
2026-08-20T06:02:24Z,orca,orca-slicer-git,updated,2.5.0.r30112.4fd7fdb-1,2.5.0.r30157.ba22973-1
2026-08-20T06:02:24Z,orca,orca-slicer-git-extras,updated,2.5.0.r30112.4fd7fdb-1,2.5.0.r30157.ba22973-1
2026-08-20T06:05:35Z,custom,llama.cpp-server-tray,added,,0.5-2
2026-08-20T06:05:35Z,custom,imhex,removed,1.38.1-2,
2026-08-20T06:05:35Z,custom,libfprint-elanmoc2-slg3-git-debug,removed,1.94.0+0da15123-1,
